{
  "sheetsById": {
    "Camera Movement": {
      "staticOverrides": {
        "byObject": {
          "Camera": {
            "fov": 70,
            "near": 0.19999999999999976,
            "far": 1003.8000000000005
          },
          "building": {
            "rotation": {
              "x": 0
            },
            "scale": {
              "x": 1.2800000000000002
            },
            "position": {
              "x": 0,
              "y": 0,
              "z": 3.7041936390503434
            }
          },
          "directionalLight": {
            "color": {
              "r": 1,
              "g": 1,
              "b": 1,
              "a": 1
            },
            "intensity": 0.5099999999999991,
            "rotation": {
              "x": 0.37891696524904855,
              "y": 0,
              "z": 0
            },
            "position": {
              "x": 8.694279406442543,
              "y": 7.221582140848892,
              "z": 5.195763347702831
            }
          },
          "building-b": {
            "position": {
              "x": -2.4099999999999997
            }
          },
          "building-c": {
            "position": {
              "x": 2.2829234738818815,
              "y": -6.233884680927597e-20,
              "z": 3.091543907863959
            },
            "rotation": {
              "x": 3.141592653589793,
              "y": -1.530541254825055,
              "z": 3.141592653589793
            }
          },
          "ground": {
            "scale": {
              "x": 0.95,
              "y": 0.7799999999999998
            }
          },
          "building-e": {
            "position": {
              "x": 2,
              "y": 0,
              "z": -2.587464595657293
            }
          },
          "building-a": {
            "position": {
              "x": -0.09909253812691121,
              "y": 0,
              "z": 0.005400447987870982
            }
          }
        }
      },
      "sequence": {
        "subUnitsPerUnit": 30,
        "length": 12.19,
        "type": "PositionalSequence",
        "tracksByObject": {
          "Camera": {
            "trackData": {
              "eflA-X1lat": {
                "type": "BasicKeyframedTrack",
                "__debugName": "Camera:[\"position\",\"x\"]",
                "keyframes": [
                  {
                    "id": "1UMpNFUkoY",
                    "position": 0,
                    "connectedRight": true,
                    "handles": [
                      0.5,
                      1,
                      0.5,
                      0
                    ],
                    "value": 8.191647265168664
                  },
                  {
                    "id": "b1SmDjkUsh",
                    "position": 2.667,
                    "connectedRight": true,
                    "handles": [
                      0.5,
                      1,
                      0.5,
                      0
                    ],
                    "value": -0.8481145889946534
                  },
                  {
                    "id": "LPn91xx_Xp",
                    "position": 5.2,
                    "connectedRight": true,
                    "handles": [
                      0.5,
                      1,
                      0.5,
                      0.35928789493275987
                    ],
                    "value": 3.3837476335978462
                  },
                  {
                    "id": "-vvlltzukD",
                    "position": 7.7,
                    "connectedRight": true,
                    "handles": [
                      0.4793882430538379,
                      0.784427263040344,
                      0.5,
                      0
                    ],
                    "value": 0.45819227426367604
                  },
                  {
                    "id": "DWuxqc0O53",
                    "position": 9.633,
                    "connectedRight": true,
                    "handles": [
                      0.5,
                      1,
                      0.5,
                      0
                    ],
                    "value": -0.9518077257363244
                  },
                  {
                    "id": "gBMp0repc1",
                    "position": 12.067,
                    "connectedRight": true,
                    "handles": [
                      0.5,
                      1,
                      0.5,
                      0
                    ],
                    "value": -4.519739645136076
                  }
                ]
              },
              "2kyVeUQI1Y": {
                "type": "BasicKeyframedTrack",
                "__debugName": "Camera:[\"position\",\"y\"]",
                "keyframes": [
                  {
                    "id": "F14_HdWLTQ",
                    "position": 0,
                    "connectedRight": true,
                    "handles": [
                      0.5,
                      1,
                      0.5,
                      0
                    ],
                    "value": 4.534510861479188
                  },
                  {
                    "id": "BrM_rZu-7K",
                    "position": 2.667,
                    "connectedRight": true,
                    "handles": [
                      0.5,
                      1,
                      0.5,
                      0
                    ],
                    "value": 2.3329960451903795
                  },
                  {
                    "id": "gY2dsqlTsh",
                    "position": 5.2,
                    "connectedRight": true,
                    "handles": [
                      0.5,
                      1,
                      0.5,
                      0
                    ],
                    "value": 0.18741805261561062
                  },
                  {
                    "id": "4CbhmUYLqG",
                    "position": 7.7,
                    "connectedRight": true,
                    "handles": [
                      0.5,
                      1,
                      0.5,
                      0
                    ],
                    "value": 0.18741805261561062
                  },
                  {
                    "id": "iJLfpiGDiA",
                    "position": 9.633,
                    "connectedRight": true,
                    "handles": [
                      0.5,
                      1,
                      0.5,
                      0
                    ],
                    "value": 0.18741805261561062
                  },
                  {
                    "id": "vJ4X5ZnGdn",
                    "position": 12.067,
                    "connectedRight": true,
                    "handles": [
                      0.5,
                      1,
                      0.5,
                      0
                    ],
                    "value": 0.1800756399027174
                  }
                ]
              },
              "5n63btlEoS": {
                "type": "BasicKeyframedTrack",
                "__debugName": "Camera:[\"position\",\"z\"]",
                "keyframes": [
                  {
                    "id": "DC3zjGtGbN",
                    "position": 0,
                    "connectedRight": true,
                    "handles": [
                      0.5,
                      1,
                      0.5,
                      0
                    ],
                    "value": 6.519383100408734
                  },
                  {
                    "id": "tgmNO8V01x",
                    "position": 2.667,
                    "connectedRight": true,
                    "handles": [
                      0.5,
                      1,
                      0.5,
                      0
                    ],